Date time,Purpose,Amount (BTC),* Exchange rate,Amount (EUR)
2021-02-06 16:03:25 GMT,Hashpower mining,0.00002676,31444.87,0.84
2021-02-06 16:03:25 GMT,Hashpower mining fee,-0.00000054,31444.87,-0.02
2021-02-06 20:09:35 GMT,Hashpower mining,0.00002027,31444.87,0.64
2021-02-06 20:09:35 GMT,Hashpower mining fee,-0.00000041,31444.87,-0.01
2021-02-07 00:01:13 GMT,Hashpower mining,0.00002376,32575.93,0.77
2021-02-07 00:01:13 GMT,Hashpower mining fee,-0.00000048,32575.93,-0.02
2021-02-07 04:00:28 GMT,Hashpower mining,0.00002098,32575.93,0.68
2021-02-07 04:00:28 GMT,Hashpower mining fee,-0.00000042,32575.93,-0.01
2021-02-07 08:00:57 GMT,Hashpower mining,0.00002035,32575.93,0.66
2021-02-07 08:00:57 GMT,Hashpower mining fee,-0.00000041,32575.93,-0.01
2021-02-07 12:01:02 GMT,Hashpower mining,0.00001964,32575.93,0.64
2021-02-07 12:01:02 GMT,Hashpower mining fee,-0.00000039,32575.93,-0.01
2021-02-07 16:00:26 GMT,Hashpower mining,0.00002203,32575.93,0.72
2021-02-07 16:00:26 GMT,Hashpower mining fee,-0.00000044,32575.93,-0.01
2021-02-07 20:08:41 GMT,Hashpower mining,0.00002379,32575.93,0.77
2021-02-07 20:08:41 GMT,Hashpower mining fee,-0.00000048,32575.93,-0.02
2021-02-08 00:00:28 GMT,Hashpower mining,0.00002138,32277.11,0.69
2021-02-08 00:00:28 GMT,Hashpower mining fee,-0.00000043,32277.11,-0.01
2021-02-08 04:00:59 GMT,Hashpower mining,0.00002024,32277.11,0.65
2021-02-08 04:00:59 GMT,Hashpower mining fee,-0.00000040,32277.11,-0.01
2021-02-08 08:01:02 GMT,Hashpower mining,0.00002368,32277.11,0.76
2021-02-08 08:01:02 GMT,Hashpower mining fee,-0.00000047,32277.11,-0.02
2021-02-08 12:27:11 GMT,Hashpower mining,0.00002025,32277.11,0.65
2021-02-08 12:27:11 GMT,Hashpower mining fee,-0.00000041,32277.11,-0.01
2021-02-08 16:00:48 GMT,Hashpower mining,0.00001673,32277.11,0.54
2021-02-08 16:00:48 GMT,Hashpower mining fee,-0.00000033,32277.11,-0.01
2021-02-08 20:35:25 GMT,Hashpower mining,0.00002422,32277.11,0.78
2021-02-08 20:35:25 GMT,Hashpower mining fee,-0.00000048,32277.11,-0.02
2021-02-09 00:00:30 GMT,Hashpower mining,0.00002963,38423.07,1.14
2021-02-09 00:00:30 GMT,Hashpower mining fee,-0.00000059,38423.07,-0.02
2021-02-09 04:00:18 GMT,Hashpower mining,0.00002450,38423.07,0.94
2021-02-09 04:00:18 GMT,Hashpower mining fee,-0.00000049,38423.07,-0.02
2021-02-09 08:47:34 GMT,Hashpower mining,0.00001771,38423.07,0.68
2021-02-09 08:47:34 GMT,Hashpower mining fee,-0.00000035,38423.07,-0.01
2021-02-09 12:07:37 GMT,Hashpower mining,0.00001671,38423.07,0.64
2021-02-09 12:07:37 GMT,Hashpower mining fee,-0.00000033,38423.07,-0.01
2021-02-09 16:03:05 GMT,Hashpower mining,0.00003140,38423.07,1.21
2021-02-09 16:03:05 GMT,Hashpower mining fee,-0.00000063,38423.07,-0.02
2021-02-09 20:13:36 GMT,Hashpower mining,0.00002546,38423.07,0.98
2021-02-09 20:13:36 GMT,Hashpower mining fee,-0.00000051,38423.07,-0.02
2021-02-10 00:01:39 GMT,Hashpower mining,0.00001840,38285.00,0.70
2021-02-10 00:01:39 GMT,Hashpower mining fee,-0.00000037,38285.00,-0.01
2021-02-10 04:10:47 GMT,Hashpower mining,0.00002225,38285.00,0.85
2021-02-10 04:10:47 GMT,Hashpower mining fee,-0.00000045,38285.00,-0.02
2021-02-10 08:05:19 GMT,Hashpower mining,0.00002117,38285.00,0.81
2021-02-10 08:05:19 GMT,Hashpower mining fee,-0.00000042,38285.00,-0.02
2021-02-10 12:00:30 GMT,Hashpower mining,0.00002033,38285.00,0.78
2021-02-10 12:00:30 GMT,Hashpower mining fee,-0.00000041,38285.00,-0.02
2021-02-10 16:00:20 GMT,Hashpower mining,0.00002172,38285.00,0.83
2021-02-10 16:00:20 GMT,Hashpower mining fee,-0.00000043,38285.00,-0.02
2021-02-10 20:56:11 GMT,Hashpower mining,0.00001539,38285.00,0.59
2021-02-10 20:56:11 GMT,Hashpower mining fee,-0.00000031,38285.00,-0.01
2021-02-11 00:00:32 GMT,Hashpower mining,0.00001741,37185.27,0.65
2021-02-11 00:00:32 GMT,Hashpower mining fee,-0.00000035,37185.27,-0.01
2021-02-11 04:00:32 GMT,Hashpower mining,0.00001957,37185.27,0.73
2021-02-11 04:00:32 GMT,Hashpower mining fee,-0.00000039,37185.27,-0.01
2021-02-11 08:02:25 GMT,Hashpower mining,0.00001828,37185.27,0.68
2021-02-11 08:02:25 GMT,Hashpower mining fee,-0.00000037,37185.27,-0.01
2021-02-11 12:01:31 GMT,Hashpower mining,0.00001911,37185.27,0.71
2021-02-11 12:01:31 GMT,Hashpower mining fee,-0.00000038,37185.27,-0.01
2021-02-11 16:20:08 GMT,Hashpower mining,0.00001849,37185.27,0.69
2021-02-11 16:20:08 GMT,Hashpower mining fee,-0.00000037,37185.27,-0.01
2021-02-11 20:41:13 GMT,Hashpower mining,0.00001582,37185.27,0.59
2021-02-11 20:41:13 GMT,Hashpower mining fee,-0.00000032,37185.27,-0.01
2021-02-12 00:00:29 GMT,Hashpower mining,0.00001728,39273.58,0.68
2021-02-12 00:00:29 GMT,Hashpower mining fee,-0.00000035,39273.58,-0.01
2021-02-12 04:02:10 GMT,Hashpower mining,0.00001938,39273.58,0.76
2021-02-12 04:02:10 GMT,Hashpower mining fee,-0.00000039,39273.58,-0.02
2021-02-12 08:01:00 GMT,Hashpower mining,0.00001912,39273.58,0.75
2021-02-12 08:01:00 GMT,Hashpower mining fee,-0.00000038,39273.58,-0.01
2021-02-12 12:01:55 GMT,Hashpower mining,0.00001871,39273.58,0.73
2021-02-12 12:01:55 GMT,Hashpower mining fee,-0.00000037,39273.58,-0.01
2021-02-12 16:01:05 GMT,Hashpower mining,0.00001917,39273.58,0.75
2021-02-12 16:01:05 GMT,Hashpower mining fee,-0.00000038,39273.58,-0.01
2021-02-12 20:55:13 GMT,Hashpower mining,0.00001787,39273.58,0.70
2021-02-12 20:55:13 GMT,Hashpower mining fee,-0.00000036,39273.58,-0.01
2021-02-13 00:00:30 GMT,Hashpower mining,0.00001667,39283.83,0.65
2021-02-13 00:00:30 GMT,Hashpower mining fee,-0.00000033,39283.83,-0.01
2021-02-13 04:01:00 GMT,Hashpower mining,0.00002025,39283.83,0.80
2021-02-13 04:01:00 GMT,Hashpower mining fee,-0.00000041,39283.83,-0.02
2021-02-13 08:01:43 GMT,Hashpower mining,0.00001898,39283.83,0.75
2021-02-13 08:01:43 GMT,Hashpower mining fee,-0.00000038,39283.83,-0.01
2021-02-13 12:01:27 GMT,Hashpower mining,0.00001943,39283.83,0.76
2021-02-13 12:01:27 GMT,Hashpower mining fee,-0.00000039,39283.83,-0.02
2021-02-13 16:02:06 GMT,Hashpower mining,0.00001746,39283.83,0.69
2021-02-13 16:02:06 GMT,Hashpower mining fee,-0.00000035,39283.83,-0.01
2021-02-13 20:01:29 GMT,Hashpower mining,0.00002184,39283.83,0.86
2021-02-13 20:01:29 GMT,Hashpower mining fee,-0.00000044,39283.83,-0.02
2021-02-14 00:01:27 GMT,Hashpower mining,0.00001968,38875.63,0.77
2021-02-14 00:01:27 GMT,Hashpower mining fee,-0.00000039,38875.63,-0.02
2021-02-14 04:00:19 GMT,Hashpower mining,0.00001787,38875.63,0.69
2021-02-14 04:00:19 GMT,Hashpower mining fee,-0.00000036,38875.63,-0.01
2021-02-14 08:00:21 GMT,Hashpower mining,0.00002048,38875.63,0.80
2021-02-14 08:00:21 GMT,Hashpower mining fee,-0.00000041,38875.63,-0.02
2021-02-14 12:01:15 GMT,Hashpower mining,0.00001691,38875.63,0.66
2021-02-14 12:01:15 GMT,Hashpower mining fee,-0.00000034,38875.63,-0.01
2021-02-14 16:03:11 GMT,Hashpower mining,0.00001791,38875.63,0.70
2021-02-14 16:03:11 GMT,Hashpower mining fee,-0.00000036,38875.63,-0.01
2021-02-14 20:02:29 GMT,Hashpower mining,0.00001785,38875.63,0.69
2021-02-14 20:02:29 GMT,Hashpower mining fee,-0.00000036,38875.63,-0.01
2021-02-15 00:00:40 GMT,Hashpower mining,0.00001750,40397.58,0.71
2021-02-15 00:00:40 GMT,Hashpower mining fee,-0.00000035,40397.58,-0.01
2021-02-15 04:01:11 GMT,Hashpower mining,0.00001902,40397.58,0.77
2021-02-15 04:01:11 GMT,Hashpower mining fee,-0.00000038,40397.58,-0.02
2021-02-15 08:00:24 GMT,Hashpower mining,0.00001710,40397.58,0.69
2021-02-15 08:00:24 GMT,Hashpower mining fee,-0.00000034,40397.58,-0.01
2021-02-15 12:06:04 GMT,Hashpower mining,0.00001723,40397.58,0.70
2021-02-15 12:06:04 GMT,Hashpower mining fee,-0.00000034,40397.58,-0.01
2021-02-15 16:01:23 GMT,Hashpower mining,0.00002019,40397.58,0.82
2021-02-15 16:01:23 GMT,Hashpower mining fee,-0.00000040,40397.58,-0.02
2021-02-15 20:00:36 GMT,Hashpower mining,0.00001849,40397.58,0.75
2021-02-15 20:00:36 GMT,Hashpower mining fee,-0.00000037,40397.58,-0.01
2021-02-16 00:02:08 GMT,Hashpower mining,0.00001362,39744.85,0.54
2021-02-16 00:02:08 GMT,Hashpower mining fee,-0.00000027,39744.85,-0.01
2021-02-16 04:01:56 GMT,Hashpower mining,0.00001948,39744.85,0.77
2021-02-16 04:01:56 GMT,Hashpower mining fee,-0.00000039,39744.85,-0.02
2021-02-16 08:02:23 GMT,Hashpower mining,0.00002070,39744.85,0.82
2021-02-16 08:02:23 GMT,Hashpower mining fee,-0.00000041,39744.85,-0.02
2021-02-16 12:01:41 GMT,Hashpower mining,0.00001722,39744.85,0.68
2021-02-16 12:01:41 GMT,Hashpower mining fee,-0.00000034,39744.85,-0.01
2021-02-16 16:02:08 GMT,Hashpower mining,0.00001843,39744.85,0.73
2021-02-16 16:02:08 GMT,Hashpower mining fee,-0.00000037,39744.85,-0.01
2021-02-16 20:01:05 GMT,Hashpower mining,0.00001559,39744.85,0.62
2021-02-16 20:01:05 GMT,Hashpower mining fee,-0.00000031,39744.85,-0.01
2021-02-17 00:01:09 GMT,Hashpower mining,0.00001624,40486.31,0.66
2021-02-17 00:01:09 GMT,Hashpower mining fee,-0.00000032,40486.31,-0.01
2021-02-17 04:02:24 GMT,Hashpower mining,0.00002012,40486.31,0.81
2021-02-17 04:02:24 GMT,Hashpower mining fee,-0.00000040,40486.31,-0.02
2021-02-17 08:00:48 GMT,Hashpower mining,0.00001733,40486.31,0.70
2021-02-17 08:00:48 GMT,Hashpower mining fee,-0.00000035,40486.31,-0.01
2021-02-17 12:00:33 GMT,Hashpower mining,0.00001801,40486.31,0.73
2021-02-17 12:00:33 GMT,Hashpower mining fee,-0.00000036,40486.31,-0.01
2021-02-17 16:02:51 GMT,Hashpower mining,0.00001823,40486.31,0.74
2021-02-17 16:02:51 GMT,Hashpower mining fee,-0.00000036,40486.31,-0.01
2021-02-17 20:02:44 GMT,Hashpower mining,0.00001866,40486.31,0.76
2021-02-17 20:02:44 GMT,Hashpower mining fee,-0.00000037,40486.31,-0.01
2021-02-18 00:02:33 GMT,Hashpower mining,0.00001903,43349.86,0.82
2021-02-18 00:02:33 GMT,Hashpower mining fee,-0.00000038,43349.86,-0.02
2021-02-18 04:00:46 GMT,Hashpower mining,0.00001860,43349.86,0.81
2021-02-18 04:00:46 GMT,Hashpower mining fee,-0.00000037,43349.86,-0.02
2021-02-18 08:00:23 GMT,Hashpower mining,0.00001843,43349.86,0.80
2021-02-18 08:00:23 GMT,Hashpower mining fee,-0.00000037,43349.86,-0.02
2021-02-18 12:02:20 GMT,Hashpower mining,0.00001829,43349.86,0.79
2021-02-18 12:02:20 GMT,Hashpower mining fee,-0.00000037,43349.86,-0.02
2021-02-18 16:01:49 GMT,Hashpower mining,0.00002075,43349.86,0.90
2021-02-18 16:01:49 GMT,Hashpower mining fee,-0.00000042,43349.86,-0.02
2021-02-18 20:00:50 GMT,Hashpower mining,0.00002068,43349.86,0.90
2021-02-18 20:00:50 GMT,Hashpower mining fee,-0.00000041,43349.86,-0.02
2021-02-19 00:01:21 GMT,Hashpower mining,0.00002095,42690.64,0.89
2021-02-19 00:01:21 GMT,Hashpower mining fee,-0.00000042,42690.64,-0.02
2021-02-19 04:03:05 GMT,Hashpower mining,0.00001925,42690.64,0.82
2021-02-19 04:03:05 GMT,Hashpower mining fee,-0.00000039,42690.64,-0.02
2021-02-19 08:03:14 GMT,Hashpower mining,0.00002170,42690.64,0.93
2021-02-19 08:03:14 GMT,Hashpower mining fee,-0.00000043,42690.64,-0.02
2021-02-19 12:00:34 GMT,Hashpower mining,0.00001972,42690.64,0.84
2021-02-19 12:00:34 GMT,Hashpower mining fee,-0.00000039,42690.64,-0.02
2021-02-19 16:02:54 GMT,Hashpower mining,0.00001852,42690.64,0.79
2021-02-19 16:02:54 GMT,Hashpower mining fee,-0.00000037,42690.64,-0.02
2021-02-19 20:01:39 GMT,Hashpower mining,0.00001916,42690.64,0.82
2021-02-19 20:01:39 GMT,Hashpower mining fee,-0.00000038,42690.64,-0.02
2021-02-20 00:00:39 GMT,Hashpower mining,0.00002077,46045.86,0.96
2021-02-20 00:00:39 GMT,Hashpower mining fee,-0.00000042,46045.86,-0.02
2021-02-20 04:00:24 GMT,Hashpower mining,0.00002069,46045.86,0.95
2021-02-20 04:00:24 GMT,Hashpower mining fee,-0.00000041,46045.86,-0.02
2021-02-20 08:00:56 GMT,Hashpower mining,0.00001980,46045.86,0.91
2021-02-20 08:00:56 GMT,Hashpower mining fee,-0.00000040,46045.86,-0.02
2021-02-20 12:03:59 GMT,Hashpower mining,0.00002063,46045.86,0.95
2021-02-20 12:03:59 GMT,Hashpower mining fee,-0.00000041,46045.86,-0.02
2021-02-20 16:04:01 GMT,Hashpower mining,0.00002101,46045.86,0.97
2021-02-20 16:04:01 GMT,Hashpower mining fee,-0.00000042,46045.86,-0.02
2021-02-20 20:04:28 GMT,Hashpower mining,0.00002039,46045.86,0.94
2021-02-20 20:04:28 GMT,Hashpower mining fee,-0.00000041,46045.86,-0.02
2021-02-21 00:00:35 GMT,Hashpower mining,0.00001924,46091.34,0.89
2021-02-21 00:00:35 GMT,Hashpower mining fee,-0.00000038,46091.34,-0.02
2021-02-21 04:02:09 GMT,Hashpower mining,0.00001940,46091.34,0.89
2021-02-21 04:02:09 GMT,Hashpower mining fee,-0.00000039,46091.34,-0.02
2021-02-21 08:11:50 GMT,Hashpower mining,0.00001816,46091.34,0.84
2021-02-21 08:11:50 GMT,Hashpower mining fee,-0.00000036,46091.34,-0.02
2021-02-21 12:03:59 GMT,Hashpower mining,0.00001721,46091.34,0.79
2021-02-21 12:03:59 GMT,Hashpower mining fee,-0.00000034,46091.34,-0.02
2021-02-21 16:00:51 GMT,Hashpower mining,0.00001849,46091.34,0.85
2021-02-21 16:00:51 GMT,Hashpower mining fee,-0.00000037,46091.34,-0.02
2021-02-21 20:03:57 GMT,Hashpower mining,0.00001961,46091.34,0.90
2021-02-21 20:03:57 GMT,Hashpower mining fee,-0.00000039,46091.34,-0.02
2021-02-22 00:01:56 GMT,Hashpower mining,0.00001528,47347.71,0.72
2021-02-22 00:01:56 GMT,Hashpower mining fee,-0.00000031,47347.71,-0.01
2021-02-22 04:01:12 GMT,Hashpower mining,0.00001913,47347.71,0.91
2021-02-22 04:01:12 GMT,Hashpower mining fee,-0.00000038,47347.71,-0.02
2021-02-22 08:00:47 GMT,Hashpower mining,0.00001647,47347.71,0.78
2021-02-22 08:00:47 GMT,Hashpower mining fee,-0.00000033,47347.71,-0.02
2021-02-22 12:01:34 GMT,Hashpower mining,0.00001881,47347.71,0.89
2021-02-22 12:01:34 GMT,Hashpower mining fee,-0.00000038,47347.71,-0.02
2021-02-22 16:00:37 GMT,Hashpower mining,0.00002111,47347.71,1.00
2021-02-22 16:00:37 GMT,Hashpower mining fee,-0.00000042,47347.71,-0.02
2021-02-22 20:37:18 GMT,Hashpower mining,0.00001875,47347.71,0.89
2021-02-22 20:37:18 GMT,Hashpower mining fee,-0.00000038,47347.71,-0.02
2021-02-23 00:01:45 GMT,Hashpower mining,0.00001782,43978.87,0.78
2021-02-23 00:01:45 GMT,Hashpower mining fee,-0.00000036,43978.87,-0.02
2021-02-23 04:02:04 GMT,Hashpower mining,0.00002033,43978.87,0.89
2021-02-23 04:02:04 GMT,Hashpower mining fee,-0.00000041,43978.87,-0.02
2021-02-23 08:02:13 GMT,Hashpower mining,0.00002200,43978.87,0.97
2021-02-23 08:02:13 GMT,Hashpower mining fee,-0.00000044,43978.87,-0.02
2021-02-23 12:00:34 GMT,Hashpower mining,0.00002476,43978.87,1.09
2021-02-23 12:00:34 GMT,Hashpower mining fee,-0.00000050,43978.87,-0.02
2021-02-23 16:02:05 GMT,Hashpower mining,0.00002627,43978.87,1.16
2021-02-23 16:02:05 GMT,Hashpower mining fee,-0.00000053,43978.87,-0.02
2021-02-23 20:00:39 GMT,Hashpower mining,0.00002473,43978.87,1.09
2021-02-23 20:00:39 GMT,Hashpower mining fee,-0.00000049,43978.87,-0.02
2021-02-24 00:01:48 GMT,Hashpower mining,0.00002109,39739.65,0.84
2021-02-24 00:01:48 GMT,Hashpower mining fee,-0.00000042,39739.65,-0.02
2021-02-24 04:00:28 GMT,Hashpower mining,0.00001829,39739.65,0.73
2021-02-24 04:00:28 GMT,Hashpower mining fee,-0.00000037,39739.65,-0.01
2021-02-24 08:00:22 GMT,Hashpower mining,0.00001814,39739.65,0.72
2021-02-24 08:00:22 GMT,Hashpower mining fee,-0.00000036,39739.65,-0.01
2021-02-24 12:01:42 GMT,Hashpower mining,0.00001913,39739.65,0.76
2021-02-24 12:01:42 GMT,Hashpower mining fee,-0.00000038,39739.65,-0.02
2021-02-24 16:00:46 GMT,Hashpower mining,0.00001876,39739.65,0.75
2021-02-24 16:00:46 GMT,Hashpower mining fee,-0.00000038,39739.65,-0.02
2021-02-24 20:01:39 GMT,Hashpower mining,0.00002181,39739.65,0.87
2021-02-24 20:01:39 GMT,Hashpower mining fee,-0.00000044,39739.65,-0.02
2021-02-25 00:04:35 GMT,Hashpower mining,0.00001623,40404.27,0.66
2021-02-25 00:04:35 GMT,Hashpower mining fee,-0.00000032,40404.27,-0.01
2021-02-25 04:03:19 GMT,Hashpower mining,0.00001778,40404.27,0.72
2021-02-25 04:03:19 GMT,Hashpower mining fee,-0.00000036,40404.27,-0.01
2021-02-25 08:01:40 GMT,Hashpower mining,0.00001950,40404.27,0.79
2021-02-25 08:01:40 GMT,Hashpower mining fee,-0.00000039,40404.27,-0.02
2021-02-25 12:01:32 GMT,Hashpower mining,0.00001814,40404.27,0.73
2021-02-25 12:01:32 GMT,Hashpower mining fee,-0.00000036,40404.27,-0.01
2021-02-25 16:02:23 GMT,Hashpower mining,0.00001816,40404.27,0.73
2021-02-25 16:02:23 GMT,Hashpower mining fee,-0.00000036,40404.27,-0.01
2021-02-25 20:00:29 GMT,Hashpower mining,0.00001844,40404.27,0.75
2021-02-25 20:00:29 GMT,Hashpower mining fee,-0.00000037,40404.27,-0.01
2021-02-26 00:00:58 GMT,Hashpower mining,0.00001419,39702.41,0.56
2021-02-26 00:00:58 GMT,Hashpower mining fee,-0.00000028,39702.41,-0.01
2021-02-26 04:00:12 GMT,Hashpower mining,0.00001900,39702.41,0.75
2021-02-26 04:00:12 GMT,Hashpower mining fee,-0.00000038,39702.41,-0.02
2021-02-26 08:00:04 GMT,Hashpower mining,0.00001511,39702.41,0.60
2021-02-26 08:00:04 GMT,Hashpower mining fee,-0.00000030,39702.41,-0.01
2021-02-26 12:00:30 GMT,Hashpower mining,0.00001918,39702.41,0.76
2021-02-26 12:00:30 GMT,Hashpower mining fee,-0.00000038,39702.41,-0.02
2021-02-26 16:03:56 GMT,Hashpower mining,0.00001712,39702.41,0.68
2021-02-26 16:03:56 GMT,Hashpower mining fee,-0.00000034,39702.41,-0.01
2021-02-26 20:55:39 GMT,Hashpower mining,0.00001315,39702.41,0.52
2021-02-26 20:55:39 GMT,Hashpower mining fee,-0.00000026,39702.41,-0.01
2021-02-27 00:04:50 GMT,Hashpower mining,0.00001423,38270.14,0.54
2021-02-27 00:04:50 GMT,Hashpower mining fee,-0.00000028,38270.14,-0.01
2021-02-27 04:04:02 GMT,Hashpower mining,0.00001345,38270.14,0.51
2021-02-27 04:04:02 GMT,Hashpower mining fee,-0.00000027,38270.14,-0.01
2021-02-27 08:04:40 GMT,Hashpower mining,0.00001324,38270.14,0.51
2021-02-27 08:04:40 GMT,Hashpower mining fee,-0.00000026,38270.14,-0.01
2021-02-27 12:09:39 GMT,Hashpower mining,0.00001327,38270.14,0.51
2021-02-27 12:09:39 GMT,Hashpower mining fee,-0.00000027,38270.14,-0.01
2021-02-27 16:06:24 GMT,Hashpower mining,0.00001214,38270.14,0.46
2021-02-27 16:06:24 GMT,Hashpower mining fee,-0.00000024,38270.14,-0.01
2021-02-27 20:07:36 GMT,Hashpower mining,0.00001308,38270.14,0.50
2021-02-27 20:07:36 GMT,Hashpower mining fee,-0.00000026,38270.14,-0.01
2021-02-28 00:03:49 GMT,Hashpower mining,0.00001312,37288.01,0.49
2021-02-28 00:03:49 GMT,Hashpower mining fee,-0.00000026,37288.01,-0.01
2021-02-28 08:38:55 GMT,Hashpower mining,0.00001110,37288.01,0.41
2021-02-28 08:38:55 GMT,Hashpower mining fee,-0.00000022,37288.01,-0.01
2021-02-28 08:49:51 GMT,Hashpower mining,0.00001222,37288.01,0.46
2021-02-28 08:49:51 GMT,Hashpower mining fee,-0.00000024,37288.01,-0.01
2021-02-28 12:04:30 GMT,Hashpower mining,0.00001113,37288.01,0.42
2021-02-28 12:04:30 GMT,Hashpower mining fee,-0.00000022,37288.01,-0.01
2021-02-28 16:04:10 GMT,Hashpower mining,0.00001271,37288.01,0.47
2021-02-28 16:04:10 GMT,Hashpower mining fee,-0.00000025,37288.01,-0.01
2021-02-28 20:02:48 GMT,Hashpower mining,0.00001382,37288.01,0.52
2021-02-28 20:02:48 GMT,Hashpower mining fee,-0.00000028,37288.01,-0.01
2021-03-01 00:04:14 GMT,Hashpower mining,0.00001313,37859.41,0.50
2021-03-01 00:04:14 GMT,Hashpower mining fee,-0.00000026,37859.41,-0.01
2021-03-01 08:06:16 GMT,Hashpower mining,0.00001644,37859.41,0.62
2021-03-01 08:06:16 GMT,Hashpower mining fee,-0.00000033,37859.41,-0.01
2021-03-01 12:04:58 GMT,Hashpower mining,0.00001319,37859.41,0.50
2021-03-01 12:04:58 GMT,Hashpower mining fee,-0.00000026,37859.41,-0.01
2021-03-01 16:04:41 GMT,Hashpower mining,0.00001416,37859.41,0.54
2021-03-01 16:04:41 GMT,Hashpower mining fee,-0.00000028,37859.41,-0.01
2021-03-02 00:01:15 GMT,Hashpower mining,0.00002303,41303.38,0.95
2021-03-02 00:01:15 GMT,Hashpower mining fee,-0.00000046,41303.38,-0.02
2021-03-02 04:01:05 GMT,Hashpower mining,0.00001399,41303.38,0.58
2021-03-02 04:01:05 GMT,Hashpower mining fee,-0.00000028,41303.38,-0.01
2021-03-02 08:01:41 GMT,Hashpower mining,0.00001343,41303.38,0.55
2021-03-02 08:01:41 GMT,Hashpower mining fee,-0.00000027,41303.38,-0.01
2021-03-02 12:02:05 GMT,Hashpower mining,0.00001354,41303.38,0.56
2021-03-02 12:02:05 GMT,Hashpower mining fee,-0.00000027,41303.38,-0.01
2021-03-02 16:00:39 GMT,Hashpower mining,0.00001421,41303.38,0.59
2021-03-02 16:00:39 GMT,Hashpower mining fee,-0.00000028,41303.38,-0.01
2021-03-02 20:01:48 GMT,Hashpower mining,0.00001421,41303.38,0.59
2021-03-02 20:01:48 GMT,Hashpower mining fee,-0.00000028,41303.38,-0.01
2021-03-03 00:00:42 GMT,Hashpower mining,0.00001185,39678.54,0.47
2021-03-03 00:00:42 GMT,Hashpower mining fee,-0.00000024,39678.54,-0.01
2021-03-03 04:01:07 GMT,Hashpower mining,0.00001305,39678.54,0.52
2021-03-03 04:01:07 GMT,Hashpower mining fee,-0.00000026,39678.54,-0.01
2021-03-03 08:01:30 GMT,Hashpower mining,0.00001293,39678.54,0.51
2021-03-03 08:01:30 GMT,Hashpower mining fee,-0.00000026,39678.54,-0.01
2021-03-03 12:03:17 GMT,Hashpower mining,0.00001397,39678.54,0.55
2021-03-03 12:03:17 GMT,Hashpower mining fee,-0.00000028,39678.54,-0.01
2021-03-03 16:00:48 GMT,Hashpower mining,0.00001396,39678.54,0.55
2021-03-03 16:00:48 GMT,Hashpower mining fee,-0.00000028,39678.54,-0.01
2021-03-03 20:01:32 GMT,Hashpower mining,0.00001158,39678.54,0.46
2021-03-03 20:01:32 GMT,Hashpower mining fee,-0.00000023,39678.54,-0.01
2021-03-04 00:00:36 GMT,Hashpower mining,0.00001350,42127.28,0.57
2021-03-04 00:00:36 GMT,Hashpower mining fee,-0.00000027,42127.28,-0.01
2021-03-04 04:01:06 GMT,Hashpower mining,0.00001411,42127.28,0.59
2021-03-04 04:01:06 GMT,Hashpower mining fee,-0.00000028,42127.28,-0.01
2021-03-04 08:03:28 GMT,Hashpower mining,0.00001422,42127.28,0.60
2021-03-04 08:03:28 GMT,Hashpower mining fee,-0.00000028,42127.28,-0.01
2021-03-04 12:00:42 GMT,Hashpower mining,0.00001412,42127.28,0.59
2021-03-04 12:00:42 GMT,Hashpower mining fee,-0.00000028,42127.28,-0.01
2021-03-04 16:02:50 GMT,Hashpower mining,0.00001304,42127.28,0.55
2021-03-04 16:02:50 GMT,Hashpower mining fee,-0.00000026,42127.28,-0.01
2021-03-04 20:04:18 GMT,Hashpower mining,0.00001222,42127.28,0.51
2021-03-04 20:04:18 GMT,Hashpower mining fee,-0.00000024,42127.28,-0.01
2021-03-05 00:03:50 GMT,Hashpower mining,0.00001115,40468.40,0.45
2021-03-05 00:03:50 GMT,Hashpower mining fee,-0.00000022,40468.40,-0.01
2021-03-05 04:04:39 GMT,Hashpower mining,0.00001223,40468.40,0.49
2021-03-05 04:04:39 GMT,Hashpower mining fee,-0.00000024,40468.40,-0.01
2021-03-05 08:05:45 GMT,Hashpower mining,0.00001219,40468.40,0.49
2021-03-05 08:05:45 GMT,Hashpower mining fee,-0.00000024,40468.40,-0.01
2021-03-05 12:07:46 GMT,Hashpower mining,0.00001146,40468.40,0.46
2021-03-05 12:07:46 GMT,Hashpower mining fee,-0.00000023,40468.40,-0.01
2021-03-05 16:02:00 GMT,Hashpower mining,0.00001237,40468.40,0.50
2021-03-05 16:02:00 GMT,Hashpower mining fee,-0.00000025,40468.40,-0.01
2021-03-05 20:00:41 GMT,Hashpower mining,0.00001083,40468.40,0.44
2021-03-05 20:00:41 GMT,Hashpower mining fee,-0.00000022,40468.40,-0.01
2021-03-08 00:00:33 GMT,Hashpower mining,0.00001394,42760.95,0.60
2021-03-08 00:00:33 GMT,Hashpower mining fee,-0.00000028,42760.95,-0.01
2021-03-08 07:12:08 GMT,Hashpower mining,0.00001109,42760.95,0.47
2021-03-08 07:12:08 GMT,Hashpower mining fee,-0.00000022,42760.95,-0.01
2021-03-08 12:01:09 GMT,Hashpower mining,0.00001731,42760.95,0.74
2021-03-08 12:01:09 GMT,Hashpower mining fee,-0.00000035,42760.95,-0.01
2021-03-08 16:00:18 GMT,Hashpower mining,0.00001717,42760.95,0.73
2021-03-08 16:00:18 GMT,Hashpower mining fee,-0.00000034,42760.95,-0.01
2021-03-08 20:01:16 GMT,Hashpower mining,0.00001419,42760.95,0.61
2021-03-08 20:01:16 GMT,Hashpower mining fee,-0.00000028,42760.95,-0.01
2021-03-09 00:01:14 GMT,Hashpower mining,0.00001308,43758.82,0.57
2021-03-09 00:01:14 GMT,Hashpower mining fee,-0.00000026,43758.82,-0.01
2021-03-09 04:01:32 GMT,Hashpower mining,0.00001682,43758.82,0.74
2021-03-09 04:01:32 GMT,Hashpower mining fee,-0.00000034,43758.82,-0.01
2021-03-09 08:01:56 GMT,Hashpower mining,0.00001817,43758.82,0.80
2021-03-09 08:01:56 GMT,Hashpower mining fee,-0.00000036,43758.82,-0.02
2021-03-09 12:01:43 GMT,Hashpower mining,0.00001757,43758.82,0.77
2021-03-09 12:01:43 GMT,Hashpower mining fee,-0.00000035,43758.82,-0.02
2021-03-09 16:01:52 GMT,Hashpower mining,0.00001554,43758.82,0.68
2021-03-09 16:01:52 GMT,Hashpower mining fee,-0.00000031,43758.82,-0.01
2021-03-09 21:46:10 GMT,Hashpower mining,0.00001184,43758.82,0.52
2021-03-09 21:46:10 GMT,Hashpower mining fee,-0.00000017,43758.82,-0.01
2021-03-09 21:46:10 GMT,Hashpower mining fee,-0.00000007,43758.82,0.00
2021-03-10 04:01:21 GMT,Hashpower mining,0.00002631,46004.49,1.21
2021-03-10 04:01:21 GMT,Hashpower mining fee,-0.00000053,46004.49,-0.02
2021-03-10 08:04:05 GMT,Hashpower mining,0.00001516,46004.49,0.70
2021-03-10 08:04:05 GMT,Hashpower mining fee,-0.00000030,46004.49,-0.01
2021-03-10 12:04:02 GMT,Hashpower mining,0.00001451,46004.49,0.67
2021-03-10 12:04:02 GMT,Hashpower mining fee,-0.00000029,46004.49,-0.01
2021-03-10 16:02:41 GMT,Hashpower mining,0.00001562,46004.49,0.72
2021-03-10 16:02:41 GMT,Hashpower mining fee,-0.00000031,46004.49,-0.01
2021-03-10 20:01:54 GMT,Hashpower mining,0.00001643,46004.49,0.76
2021-03-10 20:01:54 GMT,Hashpower mining fee,-0.00000033,46004.49,-0.02
2021-03-11 04:01:24 GMT,Hashpower mining,0.00002334,46989.86,1.10
2021-03-11 04:01:24 GMT,Hashpower mining fee,-0.00000047,46989.86,-0.02
2021-03-11 08:02:07 GMT,Hashpower mining,0.00001544,46989.86,0.73
2021-03-11 08:02:07 GMT,Hashpower mining fee,-0.00000031,46989.86,-0.01
2021-03-11 12:01:04 GMT,Hashpower mining,0.00001599,46989.86,0.75
2021-03-11 12:01:04 GMT,Hashpower mining fee,-0.00000032,46989.86,-0.02
2021-03-11 16:00:48 GMT,Hashpower mining,0.00001431,46989.86,0.67
2021-03-11 16:00:48 GMT,Hashpower mining fee,-0.00000029,46989.86,-0.01
2021-03-12 08:00:25 GMT,Hashpower mining,0.00001400,48322.18,0.68
2021-03-12 08:00:25 GMT,Hashpower mining fee,-0.00000028,48322.18,-0.01
2021-03-12 12:04:42 GMT,Hashpower mining,0.00001509,48322.18,0.73
2021-03-12 12:04:42 GMT,Hashpower mining fee,-0.00000030,48322.18,-0.01
2021-03-12 16:57:23 GMT,Hashpower mining,0.00001330,48322.18,0.64
2021-03-12 16:57:23 GMT,Hashpower mining fee,-0.00000027,48322.18,-0.01
2021-03-13 00:02:31 GMT,Hashpower mining,0.00002393,47857.45,1.15
2021-03-13 00:02:31 GMT,Hashpower mining fee,-0.00000048,47857.45,-0.02
2021-03-13 04:02:04 GMT,Hashpower mining,0.00001723,47857.45,0.82
2021-03-13 04:02:04 GMT,Hashpower mining fee,-0.00000034,47857.45,-0.02
2021-03-13 08:00:50 GMT,Hashpower mining,0.00001434,47857.45,0.69
2021-03-13 08:00:50 GMT,Hashpower mining fee,-0.00000029,47857.45,-0.01
2021-03-13 12:01:32 GMT,Hashpower mining,0.00001187,47857.45,0.57
2021-03-13 12:01:32 GMT,Hashpower mining fee,-0.00000024,47857.45,-0.01
2021-03-13 16:00:42 GMT,Hashpower mining,0.00001579,47857.45,0.76
2021-03-13 16:00:42 GMT,Hashpower mining fee,-0.00000032,47857.45,-0.02
2021-03-13 21:05:22 GMT,Hashpower mining,0.00001303,47857.45,0.62
2021-03-13 21:05:22 GMT,Hashpower mining fee,-0.00000026,47857.45,-0.01
2021-03-14 04:02:16 GMT,Hashpower mining,0.00002454,51304.52,1.26
2021-03-14 04:02:16 GMT,Hashpower mining fee,-0.00000049,51304.52,-0.03
2021-03-14 08:47:22 GMT,Hashpower mining,0.00001278,51304.52,0.66
2021-03-14 08:47:22 GMT,Hashpower mining fee,-0.00000026,51304.52,-0.01
2021-03-14 12:01:37 GMT,Hashpower mining,0.00001078,51304.52,0.55
2021-03-14 12:01:37 GMT,Hashpower mining fee,-0.00000022,51304.52,-0.01
2021-03-14 16:03:48 GMT,Hashpower mining,0.00001343,51304.52,0.69
2021-03-14 16:03:48 GMT,Hashpower mining fee,-0.00000027,51304.52,-0.01
2021-03-14 20:04:54 GMT,Hashpower mining,0.00001414,51304.52,0.73
2021-03-14 20:04:54 GMT,Hashpower mining fee,-0.00000028,51304.52,-0.01
2021-03-15 00:03:07 GMT,Hashpower mining,0.00001351,50566.86,0.68
2021-03-15 00:03:07 GMT,Hashpower mining fee,-0.00000027,50566.86,-0.01
2021-03-15 04:00:35 GMT,Hashpower mining,0.00001432,50566.86,0.72
2021-03-15 04:00:35 GMT,Hashpower mining fee,-0.00000029,50566.86,-0.01
2021-03-15 08:04:08 GMT,Hashpower mining,0.00001490,50566.86,0.75
2021-03-15 08:04:08 GMT,Hashpower mining fee,-0.00000030,50566.86,-0.02
2021-03-15 12:01:15 GMT,Hashpower mining,0.00001543,50566.86,0.78
2021-03-15 12:01:15 GMT,Hashpower mining fee,-0.00000031,50566.86,-0.02
2021-03-15 16:02:56 GMT,Hashpower mining,0.00001589,50566.86,0.80
2021-03-15 16:02:56 GMT,Hashpower mining fee,-0.00000032,50566.86,-0.02
2021-03-15 21:42:23 GMT,Hashpower mining,0.00001191,50566.86,0.60
2021-03-15 21:42:23 GMT,Hashpower mining fee,-0.00000024,50566.86,-0.01
2021-03-16 04:01:34 GMT,Hashpower mining,0.00002159,47300.56,1.02
2021-03-16 04:01:34 GMT,Hashpower mining fee,-0.00000043,47300.56,-0.02
2021-03-16 08:04:25 GMT,Hashpower mining,0.00001347,47300.56,0.64
2021-03-16 08:04:25 GMT,Hashpower mining fee,-0.00000027,47300.56,-0.01
2021-03-16 12:01:17 GMT,Hashpower mining,0.00001469,47300.56,0.69
2021-03-16 12:01:17 GMT,Hashpower mining fee,-0.00000029,47300.56,-0.01
2021-03-16 16:05:46 GMT,Hashpower mining,0.00001641,47300.56,0.78
2021-03-16 16:05:46 GMT,Hashpower mining fee,-0.00000033,47300.56,-0.02
2021-03-16 20:00:50 GMT,Hashpower mining,0.00001399,47300.56,0.66
2021-03-16 20:00:50 GMT,Hashpower mining fee,-0.00000028,47300.56,-0.01
2021-03-17 12:01:59 GMT,Hashpower mining,0.00002439,47245.31,1.15
2021-03-17 12:01:59 GMT,Hashpower mining fee,-0.00000049,47245.31,-0.02
2021-03-17 16:02:01 GMT,Hashpower mining,0.00001734,47245.31,0.82
2021-03-17 16:02:01 GMT,Hashpower mining fee,-0.00000035,47245.31,-0.02
2021-03-17 20:02:45 GMT,Hashpower mining,0.00001548,47245.31,0.73
2021-03-17 20:02:45 GMT,Hashpower mining fee,-0.00000031,47245.31,-0.01
2021-03-18 04:01:14 GMT,Hashpower mining,0.00002060,48793.31,1.01
2021-03-18 04:01:14 GMT,Hashpower mining fee,-0.00000041,48793.31,-0.02
2021-03-18 08:02:21 GMT,Hashpower mining,0.00001595,48793.31,0.78
2021-03-18 08:02:21 GMT,Hashpower mining fee,-0.00000032,48793.31,-0.02
2021-03-18 12:02:02 GMT,Hashpower mining,0.00001656,48793.31,0.81
2021-03-18 12:02:02 GMT,Hashpower mining fee,-0.00000033,48793.31,-0.02
2021-03-18 16:02:01 GMT,Hashpower mining,0.00001600,48793.31,0.78
2021-03-18 16:02:01 GMT,Hashpower mining fee,-0.00000032,48793.31,-0.02
2021-03-19 08:02:17 GMT,Hashpower mining,0.00002174,48250.26,1.05
2021-03-19 08:02:17 GMT,Hashpower mining fee,-0.00000043,48250.26,-0.02
2021-03-19 12:02:42 GMT,Hashpower mining,0.00001446,48250.26,0.70
2021-03-19 12:02:42 GMT,Hashpower mining fee,-0.00000029,48250.26,-0.01
2021-03-19 16:08:38 GMT,Hashpower mining,0.00001385,48250.26,0.67
2021-03-19 16:08:38 GMT,Hashpower mining fee,-0.00000028,48250.26,-0.01
2021-03-19 20:03:35 GMT,Hashpower mining,0.00001066,48250.26,0.51
2021-03-19 20:03:35 GMT,Hashpower mining fee,-0.00000021,48250.26,-0.01
2021-03-20 04:01:27 GMT,Hashpower mining,0.00002119,48634.31,1.03
2021-03-20 04:01:27 GMT,Hashpower mining fee,-0.00000042,48634.31,-0.02
2021-03-20 08:01:40 GMT,Hashpower mining,0.00001281,48634.31,0.62
2021-03-20 08:01:40 GMT,Hashpower mining fee,-0.00000026,48634.31,-0.01
2021-03-20 12:02:52 GMT,Hashpower mining,0.00001057,48634.31,0.51
2021-03-20 12:02:52 GMT,Hashpower mining fee,-0.00000021,48634.31,-0.01
2021-03-20 16:00:50 GMT,Hashpower mining,0.00001174,48634.31,0.57
2021-03-20 16:00:50 GMT,Hashpower mining fee,-0.00000023,48634.31,-0.01
2021-03-20 20:01:10 GMT,Hashpower mining,0.00001078,48634.31,0.52
2021-03-20 20:01:10 GMT,Hashpower mining fee,-0.00000022,48634.31,-0.01
2021-03-21 04:00:44 GMT,Hashpower mining,0.00001866,48792.74,0.91
2021-03-21 04:00:44 GMT,Hashpower mining fee,-0.00000037,48792.74,-0.02
2021-03-21 08:01:07 GMT,Hashpower mining,0.00001323,48792.74,0.65
2021-03-21 08:01:07 GMT,Hashpower mining fee,-0.00000026,48792.74,-0.01
2021-03-21 18:13:26 GMT,Hashpower mining,0.00001515,48792.74,0.74
2021-03-21 18:13:26 GMT,Hashpower mining fee,-0.00000030,48792.74,-0.01
2021-03-22 00:01:51 GMT,Hashpower mining,0.00001492,48258.86,0.72
2021-03-22 00:01:51 GMT,Hashpower mining fee,-0.00000030,48258.86,-0.01
2021-03-22 04:04:19 GMT,Hashpower mining,0.00001508,48258.86,0.73
2021-03-22 04:04:19 GMT,Hashpower mining fee,-0.00000030,48258.86,-0.01
2021-03-22 08:03:15 GMT,Hashpower mining,0.00001045,48258.86,0.50
2021-03-22 08:03:15 GMT,Hashpower mining fee,-0.00000021,48258.86,-0.01
2021-03-22 12:02:47 GMT,Hashpower mining,0.00001241,48258.86,0.60
2021-03-22 12:02:47 GMT,Hashpower mining fee,-0.00000025,48258.86,-0.01
2021-03-22 16:02:05 GMT,Hashpower mining,0.00001533,48258.86,0.74
2021-03-22 16:02:05 GMT,Hashpower mining fee,-0.00000031,48258.86,-0.01
2021-03-22 20:00:35 GMT,Hashpower mining,0.00001401,48258.86,0.68
2021-03-22 20:00:35 GMT,Hashpower mining fee,-0.00000028,48258.86,-0.01
2021-03-23 00:06:05 GMT,Hashpower mining,0.00001226,45594.74,0.56
2021-03-23 00:06:05 GMT,Hashpower mining fee,-0.00000025,45594.74,-0.01
2021-03-23 04:02:20 GMT,Hashpower mining,0.00001235,45594.74,0.56
2021-03-23 04:02:20 GMT,Hashpower mining fee,-0.00000025,45594.74,-0.01
2021-03-23 08:01:15 GMT,Hashpower mining,0.00001276,45594.74,0.58
2021-03-23 08:01:15 GMT,Hashpower mining fee,-0.00000026,45594.74,-0.01
2021-03-23 12:01:37 GMT,Hashpower mining,0.00001718,45594.74,0.78
2021-03-23 12:01:37 GMT,Hashpower mining fee,-0.00000034,45594.74,-0.02
2021-03-23 16:03:24 GMT,Hashpower mining,0.00001547,45594.74,0.71
2021-03-23 16:03:24 GMT,Hashpower mining fee,-0.00000031,45594.74,-0.01
2021-03-23 20:02:13 GMT,Hashpower mining,0.00001448,45594.74,0.66
2021-03-23 20:02:13 GMT,Hashpower mining fee,-0.00000029,45594.74,-0.01
2021-03-24 00:02:05 GMT,Hashpower mining,0.00001124,46112.08,0.52
2021-03-24 00:02:05 GMT,Hashpower mining fee,-0.00000022,46112.08,-0.01
2021-03-24 04:01:29 GMT,Hashpower mining,0.00001596,46112.08,0.74
2021-03-24 04:01:29 GMT,Hashpower mining fee,-0.00000032,46112.08,-0.01
2021-03-24 08:03:36 GMT,Hashpower mining,0.00001523,46112.08,0.70
2021-03-24 08:03:36 GMT,Hashpower mining fee,-0.00000030,46112.08,-0.01
2021-03-24 12:01:11 GMT,Hashpower mining,0.00001635,46112.08,0.75
2021-03-24 12:01:11 GMT,Hashpower mining fee,-0.00000033,46112.08,-0.02
2021-03-24 16:02:43 GMT,Hashpower mining,0.00001534,46112.08,0.71
2021-03-24 16:02:43 GMT,Hashpower mining fee,-0.00000031,46112.08,-0.01
2021-03-24 20:01:38 GMT,Hashpower mining,0.00001927,46112.08,0.89
2021-03-24 20:01:38 GMT,Hashpower mining fee,-0.00000039,46112.08,-0.02
2021-03-25 00:01:27 GMT,Hashpower mining,0.00001788,44686.78,0.80
2021-03-25 00:01:27 GMT,Hashpower mining fee,-0.00000036,44686.78,-0.02
2021-03-25 04:04:41 GMT,Hashpower mining,0.00001614,44686.78,0.72
2021-03-25 04:04:41 GMT,Hashpower mining fee,-0.00000032,44686.78,-0.01
2021-03-25 08:02:40 GMT,Hashpower mining,0.00001575,44686.78,0.70
2021-03-25 08:02:40 GMT,Hashpower mining fee,-0.00000032,44686.78,-0.01
2021-03-25 12:03:26 GMT,Hashpower mining,0.00001502,44686.78,0.67
2021-03-25 12:03:26 GMT,Hashpower mining fee,-0.00000030,44686.78,-0.01
2021-03-25 16:04:23 GMT,Hashpower mining,0.00001840,44686.78,0.82
2021-03-25 16:04:23 GMT,Hashpower mining fee,-0.00000037,44686.78,-0.02
2021-03-25 20:01:50 GMT,Hashpower mining,0.00001564,44686.78,0.70
2021-03-25 20:01:50 GMT,Hashpower mining fee,-0.00000031,44686.78,-0.01
2021-03-26 00:01:25 GMT,Hashpower mining,0.00001349,43883.55,0.59
2021-03-26 00:01:25 GMT,Hashpower mining fee,-0.00000027,43883.55,-0.01
2021-03-26 04:02:31 GMT,Hashpower mining,0.00001716,43883.55,0.75
2021-03-26 04:02:31 GMT,Hashpower mining fee,-0.00000034,43883.55,-0.01
2021-03-26 08:01:32 GMT,Hashpower mining,0.00001374,43883.55,0.60
2021-03-26 08:01:32 GMT,Hashpower mining fee,-0.00000027,43883.55,-0.01
2021-03-26 12:02:42 GMT,Hashpower mining,0.00001505,43883.55,0.66
2021-03-26 12:02:42 GMT,Hashpower mining fee,-0.00000030,43883.55,-0.01
2021-03-26 16:02:36 GMT,Hashpower mining,0.00001539,43883.55,0.68
2021-03-26 16:02:36 GMT,Hashpower mining fee,-0.00000031,43883.55,-0.01
2021-03-26 20:02:03 GMT,Hashpower mining,0.00001583,43883.55,0.69
2021-03-26 20:02:03 GMT,Hashpower mining fee,-0.00000032,43883.55,-0.01
2021-03-27 04:00:36 GMT,Hashpower mining,0.00002317,46315.96,1.07
2021-03-27 04:00:36 GMT,Hashpower mining fee,-0.00000046,46315.96,-0.02
2021-03-27 08:00:33 GMT,Hashpower mining,0.00001575,46315.96,0.73
2021-03-27 08:00:33 GMT,Hashpower mining fee,-0.00000032,46315.96,-0.01
2021-03-27 12:02:05 GMT,Hashpower mining,0.00001314,46315.96,0.61
2021-03-27 12:02:05 GMT,Hashpower mining fee,-0.00000026,46315.96,-0.01
2021-03-27 22:19:29 GMT,Hashpower mining,0.00001335,46315.96,0.62
2021-03-27 22:19:29 GMT,Hashpower mining fee,-0.00000027,46315.96,-0.01
2021-03-28 04:00:40 GMT,Hashpower mining,0.00001849,47492.24,0.88
2021-03-28 04:00:40 GMT,Hashpower mining fee,-0.00000037,47492.24,-0.02
2021-03-28 08:02:00 GMT,Hashpower mining,0.00001242,47492.24,0.59
2021-03-28 08:02:00 GMT,Hashpower mining fee,-0.00000025,47492.24,-0.01
2021-03-28 16:00:37 GMT,Hashpower mining,0.00002398,47492.24,1.14
2021-03-28 16:00:37 GMT,Hashpower mining fee,-0.00000048,47492.24,-0.02
2021-03-28 20:03:11 GMT,Hashpower mining,0.00001372,47492.24,0.65
2021-03-28 20:03:11 GMT,Hashpower mining fee,-0.00000027,47492.24,-0.01
2021-03-29 00:01:30 GMT,Hashpower mining,0.00001504,47216.52,0.71
2021-03-29 00:01:30 GMT,Hashpower mining fee,-0.00000030,47216.52,-0.01
2021-03-29 04:01:02 GMT,Hashpower mining,0.00001204,47216.52,0.57
2021-03-29 04:01:02 GMT,Hashpower mining fee,-0.00000024,47216.52,-0.01
2021-03-29 08:03:11 GMT,Hashpower mining,0.00001537,47216.52,0.73
2021-03-29 08:03:11 GMT,Hashpower mining fee,-0.00000031,47216.52,-0.01
2021-03-29 12:04:00 GMT,Hashpower mining,0.00001455,47216.52,0.69
2021-03-29 12:04:00 GMT,Hashpower mining fee,-0.00000029,47216.52,-0.01
2021-03-29 16:05:40 GMT,Hashpower mining,0.00001424,47216.52,0.67
2021-03-29 16:05:40 GMT,Hashpower mining fee,-0.00000028,47216.52,-0.01
2021-03-29 20:01:44 GMT,Hashpower mining,0.00001521,47216.52,0.72
2021-03-29 20:01:44 GMT,Hashpower mining fee,-0.00000030,47216.52,-0.01
2021-03-30 00:00:47 GMT,Hashpower mining,0.00001421,48835.87,0.69
2021-03-30 00:00:47 GMT,Hashpower mining fee,-0.00000028,48835.87,-0.01
2021-03-30 04:01:35 GMT,Hashpower mining,0.00001399,48835.87,0.68
2021-03-30 04:01:35 GMT,Hashpower mining fee,-0.00000028,48835.87,-0.01
2021-03-30 08:01:42 GMT,Hashpower mining,0.00001353,48835.87,0.66
2021-03-30 08:01:42 GMT,Hashpower mining fee,-0.00000027,48835.87,-0.01
2021-03-30 12:05:13 GMT,Hashpower mining,0.00001381,48835.87,0.67
2021-03-30 12:05:13 GMT,Hashpower mining fee,-0.00000028,48835.87,-0.01
2021-03-30 16:05:04 GMT,Hashpower mining,0.00001593,48835.87,0.78
2021-03-30 16:05:04 GMT,Hashpower mining fee,-0.00000032,48835.87,-0.02
2021-03-30 20:06:02 GMT,Hashpower mining,0.00001687,48835.87,0.82
2021-03-30 20:06:02 GMT,Hashpower mining fee,-0.00000034,48835.87,-0.02
2021-03-31 00:01:24 GMT,Hashpower mining,0.00001222,50041.04,0.61
2021-03-31 00:01:24 GMT,Hashpower mining fee,-0.00000024,50041.04,-0.01
2021-03-31 04:02:25 GMT,Hashpower mining,0.00001450,50041.04,0.73
2021-03-31 04:02:25 GMT,Hashpower mining fee,-0.00000029,50041.04,-0.01
2021-03-31 08:04:17 GMT,Hashpower mining,0.00001277,50041.04,0.64
2021-03-31 08:04:17 GMT,Hashpower mining fee,-0.00000026,50041.04,-0.01
2021-03-31 12:05:25 GMT,Hashpower mining,0.00001374,50041.04,0.69
2021-03-31 12:05:25 GMT,Hashpower mining fee,-0.00000027,50041.04,-0.01
2021-03-31 16:03:52 GMT,Hashpower mining,0.00001512,50041.04,0.76
2021-03-31 16:03:52 GMT,Hashpower mining fee,-0.00000030,50041.04,-0.02
2021-03-31 20:02:36 GMT,Hashpower mining,0.00001783,50041.04,0.89
2021-03-31 20:02:36 GMT,Hashpower mining fee,-0.00000036,50041.04,-0.02
2021-04-01 00:02:34 GMT,Hashpower mining,0.00001530,50049.86,0.77
2021-04-01 00:02:34 GMT,Hashpower mining fee,-0.00000031,50049.86,-0.02
2021-04-01 04:03:59 GMT,Hashpower mining,0.00001551,50049.86,0.78
2021-04-01 04:03:59 GMT,Hashpower mining fee,-0.00000031,50049.86,-0.02
2021-04-01 08:01:34 GMT,Hashpower mining,0.00001304,50049.86,0.65
2021-04-01 08:01:34 GMT,Hashpower mining fee,-0.00000026,50049.86,-0.01
2021-04-01 12:01:19 GMT,Hashpower mining,0.00001433,50049.86,0.72
2021-04-01 12:01:19 GMT,Hashpower mining fee,-0.00000029,50049.86,-0.01
2021-04-01 16:02:25 GMT,Hashpower mining,0.00001316,50049.86,0.66
2021-04-01 16:02:25 GMT,Hashpower mining fee,-0.00000026,50049.86,-0.01
2021-04-01 20:02:22 GMT,Hashpower mining,0.00001310,50049.86,0.66
2021-04-01 20:02:22 GMT,Hashpower mining fee,-0.00000026,50049.86,-0.01
2021-04-02 00:01:38 GMT,Hashpower mining,0.00001402,49903.01,0.70
2021-04-02 00:01:38 GMT,Hashpower mining fee,-0.00000028,49903.01,-0.01
2021-04-02 04:03:15 GMT,Hashpower mining,0.00001360,49903.01,0.68
2021-04-02 04:03:15 GMT,Hashpower mining fee,-0.00000027,49903.01,-0.01
2021-04-02 08:02:06 GMT,Hashpower mining,0.00001347,49903.01,0.67
2021-04-02 08:02:06 GMT,Hashpower mining fee,-0.00000027,49903.01,-0.01
2021-04-02 12:04:18 GMT,Hashpower mining,0.00001412,49903.01,0.70
2021-04-02 12:04:18 GMT,Hashpower mining fee,-0.00000028,49903.01,-0.01
2021-04-02 22:19:32 GMT,Hashpower mining,0.00001261,49903.01,0.63
2021-04-02 22:19:32 GMT,Hashpower mining fee,-0.00000025,49903.01,-0.01
2021-04-03 04:04:31 GMT,Hashpower mining,0.00002195,50225.69,1.10
2021-04-03 04:04:31 GMT,Hashpower mining fee,-0.00000044,50225.69,-0.02
2021-04-03 08:07:21 GMT,Hashpower mining,0.00001490,50225.69,0.75
2021-04-03 08:07:21 GMT,Hashpower mining fee,-0.00000030,50225.69,-0.02
2021-04-03 12:01:23 GMT,Hashpower mining,0.00001166,50225.69,0.59
2021-04-03 12:01:23 GMT,Hashpower mining fee,-0.00000023,50225.69,-0.01
2021-04-03 17:19:33 GMT,Hashpower mining,0.00001087,50225.69,0.55
2021-04-03 17:19:33 GMT,Hashpower mining fee,-0.00000022,50225.69,-0.01
2021-04-03 20:03:48 GMT,Hashpower mining,0.00001006,50225.69,0.51
2021-04-03 20:03:48 GMT,Hashpower mining fee,-0.00000020,50225.69,-0.01
2021-04-04 04:02:34 GMT,Hashpower mining,0.00001959,48907.83,0.96
2021-04-04 04:02:34 GMT,Hashpower mining fee,-0.00000039,48907.83,-0.02
2021-04-04 08:07:57 GMT,Hashpower mining,0.00001208,48907.83,0.59
2021-04-04 08:07:57 GMT,Hashpower mining fee,-0.00000024,48907.83,-0.01
2021-04-04 20:00:53 GMT,Hashpower mining,0.00001405,48907.83,0.69
2021-04-04 20:00:53 GMT,Hashpower mining fee,-0.00000028,48907.83,-0.01
2021-04-05 00:01:27 GMT,Hashpower mining,0.00001247,49434.62,0.62
2021-04-05 00:01:27 GMT,Hashpower mining fee,-0.00000025,49434.62,-0.01
2021-04-05 04:01:39 GMT,Hashpower mining,0.00001432,49434.62,0.71
2021-04-05 04:01:39 GMT,Hashpower mining fee,-0.00000029,49434.62,-0.01
2021-04-05 08:02:00 GMT,Hashpower mining,0.00001317,49434.62,0.65
2021-04-05 08:02:00 GMT,Hashpower mining fee,-0.00000026,49434.62,-0.01
2021-04-05 12:01:15 GMT,Hashpower mining,0.00001328,49434.62,0.66
2021-04-05 12:01:15 GMT,Hashpower mining fee,-0.00000027,49434.62,-0.01
2021-04-05 16:08:24 GMT,Hashpower mining,0.00001390,49434.62,0.69
2021-04-05 16:08:24 GMT,Hashpower mining fee,-0.00000028,49434.62,-0.01
2021-04-05 20:08:30 GMT,Hashpower mining,0.00001108,49434.62,0.55
2021-04-05 20:08:30 GMT,Hashpower mining fee,-0.00000022,49434.62,-0.01
2021-04-06 00:04:27 GMT,Hashpower mining,0.00001296,49760.91,0.64
2021-04-06 00:04:27 GMT,Hashpower mining fee,-0.00000026,49760.91,-0.01
2021-04-06 04:03:44 GMT,Hashpower mining,0.00001481,49760.91,0.74
2021-04-06 04:03:44 GMT,Hashpower mining fee,-0.00000030,49760.91,-0.01
2021-04-06 08:04:12 GMT,Hashpower mining,0.00001253,49760.91,0.62
2021-04-06 08:04:12 GMT,Hashpower mining fee,-0.00000025,49760.91,-0.01
2021-04-06 12:06:23 GMT,Hashpower mining,0.00001501,49760.91,0.75
2021-04-06 12:06:23 GMT,Hashpower mining fee,-0.00000030,49760.91,-0.01
2021-04-06 16:09:53 GMT,Hashpower mining,0.00001315,49760.91,0.65
2021-04-06 16:09:53 GMT,Hashpower mining fee,-0.00000026,49760.91,-0.01
2021-04-06 20:07:44 GMT,Hashpower mining,0.00001253,49760.91,0.62
2021-04-06 20:07:44 GMT,Hashpower mining fee,-0.00000025,49760.91,-0.01
2021-04-07 00:02:13 GMT,Hashpower mining,0.00001348,48873.54,0.66
2021-04-07 00:02:13 GMT,Hashpower mining fee,-0.00000027,48873.54,-0.01
2021-04-07 04:01:26 GMT,Hashpower mining,0.00001271,48873.54,0.62
2021-04-07 04:01:26 GMT,Hashpower mining fee,-0.00000025,48873.54,-0.01
2021-04-07 08:01:10 GMT,Hashpower mining,0.00001391,48873.54,0.68
2021-04-07 08:01:10 GMT,Hashpower mining fee,-0.00000028,48873.54,-0.01
2021-04-07 12:01:14 GMT,Hashpower mining,0.00001315,48873.54,0.64
2021-04-07 12:01:14 GMT,Hashpower mining fee,-0.00000026,48873.54,-0.01
2021-04-07 16:02:31 GMT,Hashpower mining,0.00001445,48873.54,0.71
2021-04-07 16:02:31 GMT,Hashpower mining fee,-0.00000029,48873.54,-0.01
2021-04-08 00:01:19 GMT,Hashpower mining,0.00002198,47459.56,1.04
2021-04-08 00:01:19 GMT,Hashpower mining fee,-0.00000044,47459.56,-0.02
2021-04-08 04:00:55 GMT,Hashpower mining,0.00001268,47459.56,0.60
2021-04-08 04:00:55 GMT,Hashpower mining fee,-0.00000025,47459.56,-0.01
2021-04-08 08:00:51 GMT,Hashpower mining,0.00001347,47459.56,0.64
2021-04-08 08:00:51 GMT,Hashpower mining fee,-0.00000027,47459.56,-0.01
2021-04-08 12:03:53 GMT,Hashpower mining,0.00001582,47459.56,0.75
2021-04-08 12:03:53 GMT,Hashpower mining fee,-0.00000032,47459.56,-0.02
2021-04-08 16:02:42 GMT,Hashpower mining,0.00001372,47459.56,0.65
2021-04-08 16:02:42 GMT,Hashpower mining fee,-0.00000027,47459.56,-0.01
2021-04-09 00:00:58 GMT,Hashpower mining,0.00001896,48468.25,0.92
2021-04-09 00:00:58 GMT,Hashpower mining fee,-0.00000038,48468.25,-0.02
2021-04-09 04:00:59 GMT,Hashpower mining,0.00001449,48468.25,0.70
2021-04-09 04:00:59 GMT,Hashpower mining fee,-0.00000029,48468.25,-0.01
2021-04-09 08:00:57 GMT,Hashpower mining,0.00001429,48468.25,0.69
2021-04-09 08:00:57 GMT,Hashpower mining fee,-0.00000029,48468.25,-0.01
2021-04-09 12:00:57 GMT,Hashpower mining,0.00001445,48468.25,0.70
2021-04-09 12:00:57 GMT,Hashpower mining fee,-0.00000029,48468.25,-0.01
2021-04-09 16:11:10 GMT,Hashpower mining,0.00001365,48468.25,0.66
2021-04-09 16:11:10 GMT,Hashpower mining fee,-0.00000027,48468.25,-0.01
2021-04-10 00:03:20 GMT,Hashpower mining,0.00001044,48692.91,0.51
2021-04-10 00:03:20 GMT,Hashpower mining fee,-0.00000021,48692.91,-0.01
2021-04-10 04:00:34 GMT,Hashpower mining,0.00001419,48692.91,0.69
2021-04-10 04:00:34 GMT,Hashpower mining fee,-0.00000028,48692.91,-0.01
2021-04-10 08:03:27 GMT,Hashpower mining,0.00001151,48692.91,0.56
2021-04-10 08:03:27 GMT,Hashpower mining fee,-0.00000023,48692.91,-0.01
2021-04-10 12:03:55 GMT,Hashpower mining,0.00001118,48692.91,0.54
2021-04-10 12:03:55 GMT,Hashpower mining fee,-0.00000022,48692.91,-0.01
2021-04-10 16:05:19 GMT,Hashpower mining,0.00001187,48692.91,0.58
2021-04-10 16:05:19 GMT,Hashpower mining fee,-0.00000024,48692.91,-0.01
2021-04-11 00:03:18 GMT,Hashpower mining,0.00001774,49936.90,0.89
2021-04-11 00:03:18 GMT,Hashpower mining fee,-0.00000035,49936.90,-0.02
2021-04-11 04:03:54 GMT,Hashpower mining,0.00001154,49936.90,0.58
2021-04-11 04:03:54 GMT,Hashpower mining fee,-0.00000023,49936.90,-0.01
2021-04-12 00:06:00 GMT,Hashpower mining,0.00001610,50286.38,0.81
2021-04-12 00:06:00 GMT,Hashpower mining fee,-0.00000032,50286.38,-0.02
2021-04-12 04:10:05 GMT,Hashpower mining,0.00001135,50286.38,0.57
2021-04-12 04:10:05 GMT,Hashpower mining fee,-0.00000023,50286.38,-0.01
2021-04-12 08:05:29 GMT,Hashpower mining,0.00001101,50286.38,0.55
2021-04-12 08:05:29 GMT,Hashpower mining fee,-0.00000022,50286.38,-0.01
2021-04-12 12:06:32 GMT,Hashpower mining,0.00001158,50286.38,0.58
2021-04-12 12:06:32 GMT,Hashpower mining fee,-0.00000023,50286.38,-0.01
2021-04-12 16:04:13 GMT,Hashpower mining,0.00001207,50286.38,0.61
2021-04-12 16:04:13 GMT,Hashpower mining fee,-0.00000024,50286.38,-0.01
2021-04-12 22:26:54 GMT,Hashpower mining,0.00001195,50286.38,0.60
2021-04-12 22:26:54 GMT,Hashpower mining fee,-0.00000024,50286.38,-0.01
2021-04-13 04:02:51 GMT,Hashpower mining,0.00001552,50417.76,0.78
2021-04-13 04:02:51 GMT,Hashpower mining fee,-0.00000031,50417.76,-0.02
2021-04-13 08:02:06 GMT,Hashpower mining,0.00001116,50417.76,0.56
2021-04-13 08:02:06 GMT,Hashpower mining fee,-0.00000022,50417.76,-0.01
2021-04-13 12:04:23 GMT,Hashpower mining,0.00001144,50417.76,0.58
2021-04-13 12:04:23 GMT,Hashpower mining fee,-0.00000023,50417.76,-0.01
2021-04-14 04:05:23 GMT,Hashpower mining,0.00001117,52855.21,0.59
2021-04-14 04:05:23 GMT,Hashpower mining fee,-0.00000022,52855.21,-0.01
2021-04-14 08:03:43 GMT,Hashpower mining,0.00001220,52855.21,0.64
2021-04-14 08:03:43 GMT,Hashpower mining fee,-0.00000024,52855.21,-0.01
2021-04-14 12:03:58 GMT,Hashpower mining,0.00001324,52855.21,0.70
2021-04-14 12:03:58 GMT,Hashpower mining fee,-0.00000026,52855.21,-0.01
2021-04-14 16:05:13 GMT,Hashpower mining,0.00001325,52855.21,0.70
2021-04-14 16:05:13 GMT,Hashpower mining fee,-0.00000027,52855.21,-0.01
2021-04-15 00:03:28 GMT,Hashpower mining,0.00002053,52505.16,1.08
2021-04-15 00:03:28 GMT,Hashpower mining fee,-0.00000041,52505.16,-0.02
2021-04-15 04:05:30 GMT,Hashpower mining,0.00001368,52505.16,0.72
2021-04-15 04:05:30 GMT,Hashpower mining fee,-0.00000027,52505.16,-0.01
2021-04-15 08:02:51 GMT,Hashpower mining,0.00001177,52505.16,0.62
2021-04-15 08:02:51 GMT,Hashpower mining fee,-0.00000024,52505.16,-0.01
2021-04-15 12:05:22 GMT,Hashpower mining,0.00001088,52505.16,0.57
2021-04-15 12:05:22 GMT,Hashpower mining fee,-0.00000022,52505.16,-0.01
2021-04-15 16:04:06 GMT,Hashpower mining,0.00001179,52505.16,0.62
2021-04-15 16:04:06 GMT,Hashpower mining fee,-0.00000024,52505.16,-0.01
2021-04-16 00:03:49 GMT,Hashpower mining,0.00001871,52816.04,0.99
2021-04-16 00:03:49 GMT,Hashpower mining fee,-0.00000037,52816.04,-0.02
2021-04-16 04:04:19 GMT,Hashpower mining,0.00001344,52816.04,0.71
2021-04-16 04:04:19 GMT,Hashpower mining fee,-0.00000027,52816.04,-0.01
2021-04-16 08:03:13 GMT,Hashpower mining,0.00001213,52816.04,0.64
2021-04-16 08:03:13 GMT,Hashpower mining fee,-0.00000024,52816.04,-0.01
2021-04-16 12:05:37 GMT,Hashpower mining,0.00001136,52816.04,0.60
2021-04-16 12:05:37 GMT,Hashpower mining fee,-0.00000023,52816.04,-0.01
2021-04-16 16:02:18 GMT,Hashpower mining,0.00001653,52816.04,0.87
2021-04-16 16:02:18 GMT,Hashpower mining fee,-0.00000033,52816.04,-0.02
2021-04-16 21:03:55 GMT,Hashpower mining,0.00001441,52816.04,0.76
2021-04-16 21:03:55 GMT,Hashpower mining fee,-0.00000029,52816.04,-0.02
2021-04-17 00:03:14 GMT,Hashpower mining,0.00001114,51359.14,0.57
2021-04-17 00:03:14 GMT,Hashpower mining fee,-0.00000022,51359.14,-0.01
2021-04-17 04:02:03 GMT,Hashpower mining,0.00001441,51359.14,0.74
2021-04-17 04:02:03 GMT,Hashpower mining fee,-0.00000029,51359.14,-0.01
2021-04-17 12:00:06 GMT,Hashpower mining,0.00001060,51359.14,0.54
2021-04-17 12:00:06 GMT,Hashpower mining fee,-0.00000021,51359.14,-0.01
2021-04-17 23:08:57 GMT,Hashpower mining,0.00002011,51359.14,1.03
2021-04-17 23:08:57 GMT,Hashpower mining fee,-0.00000040,51359.14,-0.02
2021-04-18 04:03:35 GMT,Hashpower mining,0.00001698,50381.73,0.86
2021-04-18 04:03:35 GMT,Hashpower mining fee,-0.00000034,50381.73,-0.02
2021-04-18 10:48:57 GMT,Hashpower mining,0.00001647,50381.73,0.83
2021-04-18 10:48:57 GMT,Hashpower mining fee,-0.00000033,50381.73,-0.02
2021-04-18 16:04:36 GMT,Hashpower mining,0.00001926,50381.73,0.97
2021-04-18 16:04:36 GMT,Hashpower mining fee,-0.00000039,50381.73,-0.02
2021-04-18 20:04:05 GMT,Hashpower mining,0.00001345,50381.73,0.68
2021-04-18 20:04:05 GMT,Hashpower mining fee,-0.00000027,50381.73,-0.01
2021-04-19 00:04:21 GMT,Hashpower mining,0.00001556,46904.32,0.73
2021-04-19 00:04:21 GMT,Hashpower mining fee,-0.00000031,46904.32,-0.01
2021-04-19 04:03:24 GMT,Hashpower mining,0.00001458,46904.32,0.68
2021-04-19 04:03:24 GMT,Hashpower mining fee,-0.00000029,46904.32,-0.01
2021-04-19 08:04:49 GMT,Hashpower mining,0.00001551,46904.32,0.73
2021-04-19 08:04:49 GMT,Hashpower mining fee,-0.00000031,46904.32,-0.01
2021-04-19 12:06:37 GMT,Hashpower mining,0.00001605,46904.32,0.75
2021-04-19 12:06:37 GMT,Hashpower mining fee,-0.00000032,46904.32,-0.02
2021-04-19 16:01:54 GMT,Hashpower mining,0.00001715,46904.32,0.80
2021-04-19 16:01:54 GMT,Hashpower mining fee,-0.00000034,46904.32,-0.02
2021-04-19 20:02:11 GMT,Hashpower mining,0.00001767,46904.32,0.83
2021-04-19 20:02:11 GMT,Hashpower mining fee,-0.00000035,46904.32,-0.02
2021-04-20 00:01:57 GMT,Hashpower mining,0.00001481,46188.20,0.68
2021-04-20 00:01:57 GMT,Hashpower mining fee,-0.00000030,46188.20,-0.01
2021-04-20 04:00:44 GMT,Hashpower mining,0.00001605,46188.20,0.74
2021-04-20 04:00:44 GMT,Hashpower mining fee,-0.00000032,46188.20,-0.01
2021-04-20 08:03:42 GMT,Hashpower mining,0.00001364,46188.20,0.63
2021-04-20 08:03:42 GMT,Hashpower mining fee,-0.00000027,46188.20,-0.01
2021-04-20 12:09:19 GMT,Hashpower mining,0.00001579,46188.20,0.73
2021-04-20 12:09:19 GMT,Hashpower mining fee,-0.00000032,46188.20,-0.01
2021-04-20 16:02:38 GMT,Hashpower mining,0.00001764,46188.20,0.81
2021-04-20 16:02:38 GMT,Hashpower mining fee,-0.00000035,46188.20,-0.02
2021-04-20 20:07:38 GMT,Hashpower mining,0.00002241,46188.20,1.04
2021-04-20 20:07:38 GMT,Hashpower mining fee,-0.00000045,46188.20,-0.02
2021-04-21 00:11:24 GMT,Hashpower mining,0.00002059,47009.37,0.97
2021-04-21 00:11:24 GMT,Hashpower mining fee,-0.00000041,47009.37,-0.02
2021-04-21 04:01:36 GMT,Hashpower mining,0.00001764,47009.37,0.83
2021-04-21 04:01:36 GMT,Hashpower mining fee,-0.00000035,47009.37,-0.02
2021-04-21 08:05:15 GMT,Hashpower mining,0.00001746,47009.37,0.82
2021-04-21 08:05:15 GMT,Hashpower mining fee,-0.00000035,47009.37,-0.02
2021-04-21 12:05:39 GMT,Hashpower mining,0.00001617,47009.37,0.76
2021-04-21 12:05:39 GMT,Hashpower mining fee,-0.00000032,47009.37,-0.02
,Hashpower mining fee,-0.00012398,,-5.15
,Hashpower mining,0.00620287,,275.05
,Total,0.00607889,,269.90
